{"cameraMode":{"drawMode":0,"name":"Shaded","section":"Shading Mode"},"sceneLighting":true,"audioPlay":false,"sceneViewState":{"m_AlwaysRefresh":false,"showFog":true,"showSkybox":true,"showFlares":true,"showImageEffects":true,"showParticleSystems":true,"showVisualEffectGraphs":true,"m_FxEnabled":true},"in2DMode":false,"pivot":{"x":66.47724151611328,"y":383.28857421875,"z":-45.463016510009769},"rotation":{"x":0.0012843783479183913,"y":0.998429000377655,"z":-0.049772486090660098,"w":0.02576613798737526},"size":201.5187225341797,"orthographic":false}