{"cameraMode":{"drawMode":0,"name":"Shaded","section":"Shading Mode"},"sceneLighting":true,"audioPlay":false,"sceneViewState":{"m_AlwaysRefresh":false,"showFog":true,"showSkybox":true,"showFlares":true,"showImageEffects":true,"showParticleSystems":true,"showVisualEffectGraphs":true,"m_FxEnabled":true},"in2DMode":false,"pivot":{"x":-8.34716796875,"y":1.3426774740219117,"z":-4.368805885314941},"rotation":{"x":-0.00015991229156497866,"y":0.9983699321746826,"z":-0.05727926269173622,"w":-0.002696787007153034},"size":1.5007108449935914,"orthographic":false}