{"cameraMode":{"drawMode":0,"name":"Shaded","section":"Shading Mode"},"sceneLighting":true,"audioPlay":false,"sceneViewState":{"m_AlwaysRefresh":false,"showFog":true,"showSkybox":true,"showFlares":true,"showImageEffects":true,"showParticleSystems":true,"showVisualEffectGraphs":true,"m_FxEnabled":true},"in2DMode":false,"pivot":{"x":-3.0626463890075685,"y":3.4273462295532228,"z":4.541544437408447},"rotation":{"x":0.0029638567939400675,"y":0.984197735786438,"z":-0.016545850783586503,"w":0.1763489544391632},"size":2.1637163162231447,"orthographic":false}