{"cameraMode":{"drawMode":0,"name":"Shaded","section":"Shading Mode"},"sceneLighting":true,"audioPlay":false,"sceneViewState":{"m_AlwaysRefresh":false,"showFog":true,"showSkybox":true,"showFlares":true,"showImageEffects":true,"showParticleSystems":true,"showVisualEffectGraphs":true,"m_FxEnabled":true},"in2DMode":false,"pivot":{"x":-0.13767993450164796,"y":1.2408462762832642,"z":4.504265785217285},"rotation":{"x":-0.07145658135414124,"y":0.8369441032409668,"z":-0.11266310513019562,"w":-0.5308053493499756},"size":1.3095721006393433,"orthographic":false}